tweet_id,tweet_time,tweet_author,tweet_author_id,tweet_language,tweet_lon,tweet_lat,tweet_text,tweet_url,label
591903085670215681',Sat Apr 25 09:54:27 +0000 2015,Faali19,2387302745,en,73.547794,32.392816,"Dua's for all those affected by the earthquakes in India,Nepal &amp; Bhutan. Stay safe &amp; help others in any form. #Equake http://t.co/M6YG0k4FKh",https://twitter.com/Faali19/status/591903085670215681,Sympathy and emotional support
591906453306249216',Sat Apr 25 10:07:50 +0000 2015,jonikanerva,13137242,en,86.822297,27.952658,Felt the Kathmandu earthquake here in Dengboche. Really strong. One wall and the ceiling collapsed on our guesthouse. Nobody got injured.,https://twitter.com/jonikanerva/status/591906453306249216,Infrastructure and utilities
591907531829616640',Sat Apr 25 10:12:07 +0000 2015,ranjalrajesh,75552756,en,74.839548,12.875823,#NepalEarthquake Tribhuvan Int. Arprt #Kathmandu closed 4 operations flights diverted  but run way n safe condition http://t.co/tAQ2n3OB2Q,https://twitter.com/ranjalrajesh/status/591907531829616640,Infrastructure and utilities
591907839355957248',Sat Apr 25 10:13:20 +0000 2015,mkaswala,282516228,en,72.638678,23.025132,Gujarat tourist stranded in Nepal/their relative  can contact 4 help 2 control room of Guj. govt. Gnagar 079-23251900/902/907/908/914/918,https://twitter.com/mkaswala/status/591907839355957248,"Missing, trapped, or found people"
591907977294143488',Sat Apr 25 10:13:53 +0000 2015,FarrukhFL,2686906843,en,67.023564,24.90886,Pray for #Nepal where a powerful earthquake has struck. May the Almighty grant them ease to face this calamity with utmost strength. Aameen.,https://twitter.com/FarrukhFL/status/591907977294143488,Sympathy and emotional support
591909854224089090',Sat Apr 25 10:21:21 +0000 2015,GibbsBKK,1341550118,en,100.548608,13.798321,"#Nepalquake good news, my brother in law is safe �_�A",https://twitter.com/GibbsBKK/status/591909854224089090,Personal updates
591910057438105600',Sat Apr 25 10:22:09 +0000 2015,Kikikirah,248649550,en,114.965699,4.945219,Prayers and thoughts for Nepal. #NepalQuake,https://twitter.com/Kikikirah/status/591910057438105600,Sympathy and emotional support
591914090479554560',Sat Apr 25 10:38:11 +0000 2015,MishraJi_1986,1117076269,en,77.29185,28.624915,"Nepal left severely damaged with more than 100 dead http://t.co/QZw5rtC4Iw http://t.co/nwPjxRW7Qe""",https://twitter.com/MishraJi_1986/status/591914090479554560,Injured or dead people
591915034634166272',Sat Apr 25 10:41:56 +0000 2015,drsamirbhatta,2219969635,en,90.386864,23.745398,Help Nepal.,https://twitter.com/drsamirbhatta/status/591915034634166272,Sympathy and emotional support
591915523564294144',Sat Apr 25 10:43:52 +0000 2015,arloryn,25989414,en,-71.596705,43.274316,My heart breaks. https://t.co/0oo3IMizzb,https://twitter.com/arloryn/status/591915523564294144,Sympathy and emotional support
591916022132670465',Sat Apr 25 10:45:51 +0000 2015,Nikhil_1086,138385102,en,73.214692,22.257927,#NepalEarthquake An IL-76 a/c of IAF will leave at 1800 hr for Kathmandu from Bhatinda carrying NDRF teams - @adgpi @PMOIndia @narendramodi,https://twitter.com/Nikhil_1086/status/591916022132670465,Volunteer or professional services
591919317601615873',Sat Apr 25 10:58:57 +0000 2015,mandy_Reeves,18182229,en,-74.526515,39.448923,@TheRobbieTurner the drag community should get together and donate some proceeds to #NepalEarthquake victims #dragitupfornepal,https://twitter.com/mandy_Reeves/status/591919317601615873,Money
591920792037785602',Sat Apr 25 11:04:48 +0000 2015,AkashThawrani,710240822,en,77.623592,12.92072,Mr. Modi sending in relief teams to Nepal &amp; I'm off to Mumbai to Intern. Lord be with us all #Earthquake,https://twitter.com/AkashThawrani/status/591920792037785602,Volunteer or professional services
591960962409885696',Sat Apr 25 13:44:26 +0000 2015,_JessicaRoss_,406631895,en,-77.843445,35.394573,#PrayForNepal I cannot imagine how the who survived must feel. Truly heartbreaking.,https://twitter.com/_JessicaRoss_/status/591960962409885696,Sympathy and emotional support
591960967388364801',Sat Apr 25 13:44:27 +0000 2015,HeleneGraceM,555622335,en,121.175147,14.618145,Let's #PrayForNepal,https://twitter.com/HeleneGraceM/status/591960967388364801,Sympathy and emotional support
591961053803642880',Sat Apr 25 13:44:47 +0000 2015,vaibhavcrow,19189861,en,175.074966,-40.878528,@siobhanheanue stay safe and warm #NepalEarthquake,https://twitter.com/vaibhavcrow/status/591961053803642880,Sympathy and emotional support
591961423644790784',Sat Apr 25 13:46:16 +0000 2015,anasshaukat,571935606,en,54.487093,24.379664,May Allah look after all. Sad 2 c images of massive damage due to the #earthquake in #Nepal #India. My pryrs wd the all vctms &amp; thr famliz�۝,https://twitter.com/anasshaukat/status/591961423644790784,Sympathy and emotional support
591962531159252992',Sat Apr 25 13:50:40 +0000 2015,VivaLaErikaa,242613442,en,-77.304133,38.955986,What a tragedy�_�2 #PrayForNepal,https://twitter.com/VivaLaErikaa/status/591962531159252992,Sympathy and emotional support
591962565166542850',Sat Apr 25 13:50:48 +0000 2015,danepatel,324049005,en,70.802777,22.290293,Nepal's Brother nd sister dont worry #IndiaWithNepal,https://twitter.com/danepatel/status/591962565166542850,Sympathy and emotional support
591962774139338753',Sat Apr 25 13:51:38 +0000 2015,GizmoMorris,57398000,en,145.014071,-37.863193,Another natural disaster causing carnage. Poor bastards #NepalEarthquake #Kathmandu,https://twitter.com/GizmoMorris/status/591962774139338753,Sympathy and emotional support
591963050871300096',Sat Apr 25 13:52:44 +0000 2015,tapushikder,50444548,en,6.61017,51.655908,Deep condolence to Nepalies Friends. #NepalEarthquake,https://twitter.com/tapushikder/status/591963050871300096,Sympathy and emotional support
591963569849171969',Sat Apr 25 13:54:47 +0000 2015,arnchk,129271084,en,73.828497,18.583035,Nice initiative https://t.co/ROhGYAs3RB,https://twitter.com/arnchk/status/591963569849171969,"Missing, trapped, or found people"
591963851094130688',Sat Apr 25 13:55:54 +0000 2015,DavidAlejNYC,1740386148,en,-73.960801,40.769545,Horrifying situation in #NepalEarthquake . The randomness of the universe. So unpredictable.,https://twitter.com/DavidAlejNYC/status/591963851094130688,Sympathy and emotional support
591976370441420802',Sat Apr 25 14:45:39 +0000 2015,nungas_rule,236235324,en,-73.940174,40.848708,Crazy how my friend left Nepal the day before. So happy to have Dolly back on this side but I hope her family gets through this tragedy.,https://twitter.com/nungas_rule/status/591976370441420802,Sympathy and emotional support
591991610285494272',Sat Apr 25 15:46:13 +0000 2015,Wordslingeuse,302994581,en,-94.601735,38.976393,"@scalzi Yeah, I imbibed the horror of that story with my morning cup of joe. Appalled and saddened. #NepalEarthquake",https://twitter.com/Wordslingeuse/status/591991610285494272,Not Relevant
591992985723772928',Sat Apr 25 15:51:41 +0000 2015,CorradoBina,1285422667,en,9.357147,45.657614,From constr site #Nepal #expo2015 though for #quake victims @narendramool @comunicazionemm @secolourbano @SGatti2015 http://t.co/iPkIfP3IK7,https://twitter.com/CorradoBina/status/591992985723772928,Not Relevant
592067993544237058',Sat Apr 25 20:49:44 +0000 2015,Suhas_Dutta,2399150665,en,77.619023,13.002612,#IndiaWithNepal truly and resolutely!,https://twitter.com/Suhas_Dutta/status/592067993544237058,Sympathy and emotional support
592068593958854657',Sat Apr 25 20:52:07 +0000 2015,RonAndrElvis1,3010416494,en,-80.168428,25.889047,Pray #NepalQuake,https://twitter.com/RonAndrElvis1/status/592068593958854657,Sympathy and emotional support
592068989976748033',Sat Apr 25 20:53:41 +0000 2015,BarnesOrlando,40247624,en,36.884369,-1.282659,Pray for Nepal #NepalEarthquake,https://twitter.com/BarnesOrlando/status/592068989976748033,Sympathy and emotional support
592069177462120448',Sat Apr 25 20:54:26 +0000 2015,FrankieGroove,2315918174,en,2.108354,41.385748,R.I.P. https://t.co/jyRqACDjoC,https://twitter.com/FrankieGroove/status/592069177462120448,Sympathy and emotional support
592069581688205312',Sat Apr 25 20:56:03 +0000 2015,Watlinr87,245509565,en,1.296518,52.650003,So upsetting.  https://t.co/e3YxgHsP8f,https://twitter.com/Watlinr87/status/592069581688205312,Sympathy and emotional support
592069636306259968',Sat Apr 25 20:56:16 +0000 2015,vivekmanyal,15730910,en,72.828513,19.138449,Pls help @tajinderbagga @SarahSLassez  https://t.co/Mh2VVdwovb,https://twitter.com/vivekmanyal/status/592069636306259968,"Missing, trapped, or found people"
592069648528580608',Sat Apr 25 20:56:18 +0000 2015,RizzoGigirz58,1301064319,en,14.250469,40.898988,It's a terrible tragedy #HelpNepal  https://t.co/HaAucWCrQi,https://twitter.com/RizzoGigirz58/status/592069648528580608,Sympathy and emotional support
592069837628821505',Sat Apr 25 20:57:04 +0000 2015,Dan_salmon85,411489781,en,0.300702,51.612065,Thoughts with all #NepalQuake  https://t.co/ab9KMqGNCd,https://twitter.com/Dan_salmon85/status/592069837628821505,Sympathy and emotional support
592070284951195648',Sat Apr 25 20:58:50 +0000 2015,zaurav,287755950,en,-77.414951,38.827308,@KatzOnEarth you got it covered. Kathmandu neighborhoods will not allow for looting unless it's someone internal. Highly unlikely.,https://twitter.com/zaurav/status/592070284951195648,Not Relevant
592070618306187265',Sat Apr 25 21:00:10 +0000 2015,feathersproject,65596271,en,4.038697,6.771415,"""@WilDeji: That bad? https://t.co/gibjfAwHeK"" Yeah, that bad...",https://twitter.com/feathersproject/status/592070618306187265,Sympathy and emotional support
592071116153294850',Sat Apr 25 21:02:08 +0000 2015,Shenanigen5280,93594524,en,-0.172278,50.825533,Forgive my poor geography but hope everyone's ok at the @RunShangriLa marathon going on. Hopefully you weren't close #NepalEarthquake,https://twitter.com/Shenanigen5280/status/592071116153294850,Sympathy and emotional support
592073412316639232',Sat Apr 25 21:11:16 +0000 2015,Quabena_Edwin,192712113,en,-0.96084,5.933505,"Hmmm, 1200 souls  https://t.co/6pNVuzk1gN",https://twitter.com/Quabena_Edwin/status/592073412316639232,Sympathy and emotional support
592073444872687616',Sat Apr 25 21:11:24 +0000 2015,Mattandemma1,137746570,en,-94.798187,39.041418,Woah! https://t.co/qRX2wdVi0V,https://twitter.com/Mattandemma1/status/592073444872687616,Sympathy and emotional support
592073571771359233',Sat Apr 25 21:11:54 +0000 2015,BryanRayCyrus,2757649049,en,-69.888948,18.477775,Pray for Nepal,https://twitter.com/BryanRayCyrus/status/592073571771359233,Sympathy and emotional support
592073720690298881',Sat Apr 25 21:12:29 +0000 2015,wakeup_is_here,2835747097,en,77.039066,28.62292,Beauty of Indian Army is their dedication towards duty.  #NepalEarthquake,https://twitter.com/wakeup_is_here/status/592073720690298881,Sympathy and emotional support
592073968976289792',Sat Apr 25 21:13:29 +0000 2015,ollshowarth,108086308,en,-2.846682,53.59387,There's no words.  https://t.co/dUHV5HFwzX,https://twitter.com/ollshowarth/status/592073968976289792,Sympathy and emotional support
592075169599979521',Sat Apr 25 21:18:15 +0000 2015,SWSG_Tweets,28893108,en,-71.542574,42.31749,"Thoughts are with girls, women--and all humans--affected by #NepalEarthquake #resilience",https://twitter.com/SWSG_Tweets/status/592075169599979521,Sympathy and emotional support
592076727410528256',Sat Apr 25 21:24:26 +0000 2015,saadgrasim,213861231,en,77.590722,12.929371,Pray for Nepal�__F #Allah bless them all �_�7,https://twitter.com/saadgrasim/status/592076727410528256,Sympathy and emotional support
592077029849341952',Sat Apr 25 21:25:38 +0000 2015,SuperNario_,22280067,en,-71.102874,42.349209,Thinking of Nepal https://t.co/KUD01yG66N,https://twitter.com/SuperNario_/status/592077029849341952,Sympathy and emotional support
592085588578172928',Sat Apr 25 21:59:39 +0000 2015,tammieoh99,121294827,en,-118.317666,34.102971,Pray for #Nepal,https://twitter.com/tammieoh99/status/592085588578172928,Sympathy and emotional support
592085973850161152',Sat Apr 25 22:01:11 +0000 2015,WPlanet360,3162778820,en,-122.640965,38.235247,http://t.co/Y7hQefm11a proudly supports Seva  Foundation  https://t.co/UsGOUvRncS,https://twitter.com/WPlanet360/status/592085973850161152,Volunteer or professional services
592086411630800897',Sat Apr 25 22:02:55 +0000 2015,MarisaRRoss,359569997,en,-82.363759,29.623539,This is incredibly sad. RIP https://t.co/HuvLDqgx8l,https://twitter.com/MarisaRRoss/status/592086411630800897,Sympathy and emotional support
592086887638167552',Sat Apr 25 22:04:49 +0000 2015,psa2,24155296,en,-83.879979,42.339332,Devastating.  https://t.co/jdNGImmnp6,https://twitter.com/psa2/status/592086887638167552,Money
592087566846832640',Sat Apr 25 22:07:31 +0000 2015,danlameymiami,43156852,en,-80.37202,25.647679,Remembering beautiful Khatmandu &amp; it's lovely people Warning: Most gut wrenching photo I've seen. #PrayerForNepal  https://t.co/xW2zCFgrrl,https://twitter.com/danlameymiami/status/592087566846832640,Sympathy and emotional support
592099845910953984',Sat Apr 25 22:56:18 +0000 2015,Windy_London,27151453,en,-0.185652,51.437923,Let's #pray for #NepalEarthquake relief efforts http://t.co/JdBGHqKGIZ http://t.co/HOrYyDbo0k,https://twitter.com/Windy_London/status/592099845910953984,Not Relevant
592101713252904960',Sat Apr 25 23:03:43 +0000 2015,Miss_Merse,33328903,en,-79.328178,43.66366,#Help #Toronto friend missing #NepalEarthquake Eric Hogg Pls RT @StarGTANews @CBCAlerts http://t.co/kOojPcyYDO,https://twitter.com/Miss_Merse/status/592101713252904960,Urgent Needs
592126462955622400',Sun Apr 26 00:42:04 +0000 2015,shutupimdhanver,2794202129,en,121.156284,14.067638,prayer for #Nepal �__F,https://twitter.com/shutupimdhanver/status/592126462955622400,Not Relevant
592128835879084032',Sun Apr 26 00:51:30 +0000 2015,carlsy77,72327768,en,-2.206109,53.475497,I've just texted for @savechildrenuk #NepalEarthquake appeal. Devastating tragedy. text DONATE5 to 70008 to give �5. RT #NepalEarthquake,https://twitter.com/carlsy77/status/592128835879084032,Response Efforts
592135287200854016',Sun Apr 26 01:17:08 +0000 2015,RouletteLeader,2181350078,en,144.991028,-37.849375,I have been wondering the same thing! @dfat @9NewsAUS  https://t.co/oZAzDhuTa7,https://twitter.com/RouletteLeader/status/592135287200854016,Not Relevant
592149404036956160',Sun Apr 26 02:13:14 +0000 2015,rahulraaz039,3187818681,en,85.068959,25.595901,Plz guy....pray for Nepal.....it was a horrible..... for there citizens.....,https://twitter.com/rahulraaz039/status/592149404036956160,Not Relevant
592155955179036673',Sun Apr 26 02:39:16 +0000 2015,prafullit,131401305,en,77.219572,28.546166,"@janhavirk   @airnewsalerts: Indian Air Force planes have brought back 544 Indians from Nepal, so far.   #NepalEarthquake""",https://twitter.com/prafullit/status/592155955179036673,Response Efforts
592156340711129089',Sun Apr 26 02:40:48 +0000 2015,Jayshahca,364380709,en,72.826978,19.113174,3 Lakh #tourists still stranded in #Nepal #earthquake  Click: http://t.co/kNnF48H2MT�۝,https://twitter.com/Jayshahca/status/592156340711129089,Not Relevant
592159488146165760',Sun Apr 26 02:53:18 +0000 2015,SKS_Mumbai,120041142,en,72.847726,19.173767,No Bibles?  https://t.co/FerViVgTbj,https://twitter.com/SKS_Mumbai/status/592159488146165760,Not Relevant
592161242464194560',Sun Apr 26 03:00:16 +0000 2015,trendinaliaKE,1409839502,en,37.9039,-0.0244,1. #TalkingNerea 2. #NepalEarthquake 3. #FashionWatch 4. Bruce Jenner 5. #TheSomaliaYouNeverHearAbout  2015/4/26 05:56 EAT,https://twitter.com/trendinaliaKE/status/592161242464194560,Not Relevant
592161258322800640',Sun Apr 26 03:00:20 +0000 2015,trendinaliaEC,1182074978,en,-78.0958,-1.7899,6. Mushuc Runa 7. Nepal 8. Premier League 9. Joker 10. Jared Leto  2015/4/25 21:56 ECT #trndnl http://t.co/ImTx1Tdu04,https://twitter.com/trendinaliaEC/status/592161258322800640,Not Relevant
592162407541121024',Sun Apr 26 03:04:54 +0000 2015,dhigsfarrales,93155053,en,120.99665,14.619007,"God, bless nepal.�_�1 #PrayerForNepal",https://twitter.com/dhigsfarrales/status/592162407541121024,Not Relevant
592162418790367232',Sun Apr 26 03:04:57 +0000 2015,DeAngelisRose,520888765,en,-73.812112,45.515122,@HimalayanGems andrew stone- you are OK? Hope your friends in Nepal are safe too. �_�E sending prayers,https://twitter.com/DeAngelisRose/status/592162418790367232,Not Relevant
592162818247364609',Sun Apr 26 03:06:32 +0000 2015,h_mahendru,1031733936,en,77.337514,28.364839,Salute to Indian army https://t.co/wWWyLPF98q,https://twitter.com/h_mahendru/status/592162818247364609,Response Efforts
592163860280250368',Sun Apr 26 03:10:40 +0000 2015,Tigressxxo,364062175,en,-79.258533,43.735687,Just heartbreaking  https://t.co/t0McwK1SRn,https://twitter.com/Tigressxxo/status/592163860280250368,Not Relevant
592164550499151874',Sun Apr 26 03:13:25 +0000 2015,shohanhd,2954758050,en,90.664163,23.552328,"#Bangladesh Under14 girls' #football team, stranded in #NepalEarthquake waiting to return home http://t.co/VspTh10MnP http://t.co/817d0uatt8",https://twitter.com/shohanhd/status/592164550499151874,Infrastructure Damage
592164829143564288',Sun Apr 26 03:14:31 +0000 2015,octotus,278551481,en,80.170739,13.068174,Needs confirmation. https://t.co/LcQ0ia4Xuy,https://twitter.com/octotus/status/592164829143564288,Not Relevant
592165907637534721',Sun Apr 26 03:18:48 +0000 2015,kailashwg,1602756109,en,72.823874,18.965483,"@Ajit_Doval pls remember like Nepal which falls under Vrischik Rashi influence by Lord Shani &amp;it's sadesati, our PM also belong to Vrishchik",https://twitter.com/kailashwg/status/592165907637534721,Not Relevant
592166271300423680',Sun Apr 26 03:20:15 +0000 2015,trendinaliaKE,1409839502,en,37.9039,-0.0244,1. #TalkingNerea 2. #NepalEarthquake 3. #FashionWatch 4. Bruce Jenner 5. #TheSomaliaYouNeverHearAbout  2015/4/26 06:16 EAT,https://twitter.com/trendinaliaKE/status/592166271300423680,Not Relevant
592178215805849600',Sun Apr 26 04:07:43 +0000 2015,mishvipin,2223515443,en,-96.684853,32.999481,@narendramodi  thanks Modi Ji for your leadership in this Nepal's critical moment,https://twitter.com/mishvipin/status/592178215805849600,Not Relevant
592178716479922176',Sun Apr 26 04:09:42 +0000 2015,marianandgus,3025720253,en,-71.020455,42.250006,Prayers for Nepal #NepalEarthquake,https://twitter.com/marianandgus/status/592178716479922176,Not Relevant
592179625406509056',Sun Apr 26 04:13:19 +0000 2015,peter_meylink,2157722310,en,-88.542229,42.66976,Prayers for everyone in Nepal,https://twitter.com/peter_meylink/status/592179625406509056,Not Relevant
592192320470061058',Sun Apr 26 05:03:46 +0000 2015,tarsem_insan,2515226820,en,75.726062,29.779775,Dera chief saint @Gurmeetramrahim will go for #MSGHelpEarthquakeVictims  #NepalQuakeRelief with 70 thousand  #GreenSwelfareForceWingSewadar,https://twitter.com/tarsem_insan/status/592192320470061058,Response Efforts
592198258753077248',Sun Apr 26 05:27:22 +0000 2015,AEBaezR,311045116,en,-99.147184,19.425868,Genial �_�D https://t.co/Beb7wyGZIZ,https://twitter.com/AEBaezR/status/592198258753077248,Not Relevant
592200769127976960',Sun Apr 26 05:37:20 +0000 2015,ChefArtSmith,41995398,en,-84.282062,30.440464,http://t.co/SA0tmT2EZK I ��� you Nepal. @USEmbassyNepal,https://twitter.com/ChefArtSmith/status/592200769127976960,Not Relevant
592201239552659458',Sun Apr 26 05:39:12 +0000 2015,SubasPokharel,52143488,en,85.314055,27.686389,"Weather has improved,  now sunnybtgat should help rescue efforts. #NepalQuake",https://twitter.com/SubasPokharel/status/592201239552659458,Response Efforts
592276505620688896',Sun Apr 26 10:38:17 +0000 2015,amitabhtax,363015854,en,78.522088,29.748204,RSS the Only Patriot Institution of #Bharat https://t.co/tH5bu56rNZ,https://twitter.com/amitabhtax/status/592276505620688896,Not Relevant
592285384798699520',Sun Apr 26 11:13:34 +0000 2015,mekanikalboy,1016658888,en,121.007185,15.350743,Can't imagine what just happened to Nepal especially to their people.,https://twitter.com/mekanikalboy/status/592285384798699520,Not Relevant
592292776940851200',Sun Apr 26 11:42:56 +0000 2015,Broookekennedy,634352086,en,-83.290346,42.675908,Much love &amp; prayers going out to Nepal,https://twitter.com/Broookekennedy/status/592292776940851200,Not Relevant
592333232827473920',Sun Apr 26 14:23:42 +0000 2015,AlexisGuilbertt,459808010,en,-71.585071,42.345776,I wanna drop everything and go to Nepal to help,https://twitter.com/AlexisGuilbertt/status/592333232827473920,Not Relevant
592350980626190336',Sun Apr 26 15:34:13 +0000 2015,HamsSul,2481922649,en,44.37737,33.205142,One million views within 3 weeks .. the Palestinian message https://t.co/dl68noKCfP #LaithAbuJoda ���_�� ������ ��������  #NepalEarthquake,https://twitter.com/HamsSul/status/592350980626190336,Not Relevant
592375707474374657',Sun Apr 26 17:12:29 +0000 2015,nasimsahmad,303625304,en,77.712387,28.978165,Ohh my God!  https://t.co/6wz6QBWQA4,https://twitter.com/nasimsahmad/status/592375707474374657,Not Relevant
592589322303320064',Mon Apr 27 07:21:18 +0000 2015,singhkaranbrar,318945905,en,75.660502,31.639425,Big thnx to ArmedForces Withot their help can't be possible always feel Proud when I see man in uniform&amp; #ThankYouPM https://t.co/YioCuepOU0,https://twitter.com/singhkaranbrar/status/592589322303320064,Not Relevant
592589490641743872',Mon Apr 27 07:21:59 +0000 2015,SyahirahSyahira,465192725,en,100.531224,6.438655,@AnizaZulkifle he's fine tho. im glad that u cancel that flight w him last time. i cant bear if both of u pergi nepal that day�_�B,https://twitter.com/SyahirahSyahira/status/592589490641743872,Not Relevant
592589909841547264',Mon Apr 27 07:23:38 +0000 2015,kennysia,1968511,en,110.361758,1.553479,"Nepal, on less rocky days. @ Kathmandu, Nepal https://t.co/bFx9wmOKok",https://twitter.com/kennysia/status/592589909841547264,Not Relevant
592589910743257088',Mon Apr 27 07:23:39 +0000 2015,itschavezmark,1698002353,en,121.562161,13.983289,Pray for Nepal �__F�_�D,https://twitter.com/itschavezmark/status/592589910743257088,Not Relevant
592590137026052097',Mon Apr 27 07:24:33 +0000 2015,MrNaassir,48875310,en,-73.823776,40.690551,"Death toll in Nepal from the devastating earthquake that struck 2 days ago has risen to 3,218, Nepalese Ministry says http://t.co/ICDVge6da6",https://twitter.com/MrNaassir/status/592590137026052097,Not Relevant
592590445995143168',Mon Apr 27 07:25:46 +0000 2015,soheblok,198093795,en,72.861118,19.282534,Future India cares! #Earthquake #NepalEarthquake  https://t.co/tWDAbi6I4C,https://twitter.com/soheblok/status/592590445995143168,Not Relevant
592590486868725760',Mon Apr 27 07:25:56 +0000 2015,Aaqib495,2335324717,en,80.621677,7.373866,Let's pray for #Nepal as a #Muslim #SriLankan #Humanity @ Akurana Kandy https://t.co/CwdLuqI5FS,https://twitter.com/Aaqib495/status/592590486868725760,Not Relevant
592590523438747648',Mon Apr 27 07:26:05 +0000 2015,shaaridophu,2933895565,en,89.882352,27.071321,Flag half mast in dagana to mourn the #NepalEarthquake victims @tsheringtobgay @DamchoDorji @sangaykhandu @APDrukpa http://t.co/onERHJuSTK,https://twitter.com/shaaridophu/status/592590523438747648,Not Relevant
592590889689710592',Mon Apr 27 07:27:32 +0000 2015,_belovelive_,105821614,en,17.655664,59.858762,Spread some Monday love. ��_��� #inspiration #graphic #typo #encourage #nepal #spreadlove #quote��_ https://t.co/9hQJTQ1NJB,https://twitter.com/_belovelive_/status/592590889689710592,Not Relevant
592590970627162112',Mon Apr 27 07:27:51 +0000 2015,PatBreen1,29163101,en,-9.053029,52.748053,Made contact with a friend in #Nepal. Communication is difficult. Help is arriving &amp; outside support greatly appreciated. @CharlieFlanagan,https://twitter.com/PatBreen1/status/592590970627162112,Not Relevant
592591199799652352',Mon Apr 27 07:28:46 +0000 2015,NUNROLA,255443639,en,100.569904,13.847831,Please donate for nepal #PrayForNepal,https://twitter.com/NUNROLA/status/592591199799652352,Not Relevant
592591200307130368',Mon Apr 27 07:28:46 +0000 2015,manojksharma2,338872040,en,72.876656,19.201929,@narendramodi we Indians will always thankful to u and ur team &amp; all our soldiers the way they are serving in Nepal #ThankYouPM we love u.,https://twitter.com/manojksharma2/status/592591200307130368,Not Relevant
592591233521819648',Mon Apr 27 07:28:54 +0000 2015,SaurabhB69,1363944578,en,77.599623,12.910405,Grt work kids.  https://t.co/oYeRky4lEC,https://twitter.com/SaurabhB69/status/592591233521819648,Response Efforts
592591312173412352',Mon Apr 27 07:29:13 +0000 2015,tweets_24x7,3151429344,en,103.783484,1.257021,@Being_Humor  @Garimaa_ @DiwakarKothari_ @bhaiyyajispeaks @Jal_Kukdi @kancha_bhauoo @AjiHaaan @coolfunnytshirt plzRT https://t.co/oQ7mAXxGVr,https://twitter.com/tweets_24x7/status/592591312173412352,Not Relevant
592591547385847808',Mon Apr 27 07:30:09 +0000 2015,SrdShri,2414940971,en,82.063952,26.25755,"Morons who are saying that PM is helping #Nepal bcz its a Hindu state, They must remember &gt;75% evacuated in #Yemen were muslims! #ThankYouPM",https://twitter.com/SrdShri/status/592591547385847808,Not Relevant
592591865343442944',Mon Apr 27 07:31:25 +0000 2015,singhkaranbrar,318945905,en,75.660502,31.639425,"@iamsrk My Prayers with all those affected by #NepalEarthquake . Feeling sad for them those lost their lives &amp; #ThankYouPM for helping them""",https://twitter.com/singhkaranbrar/status/592591865343442944,Not Relevant
592592127382593536',Mon Apr 27 07:32:27 +0000 2015,SrdShri,2414940971,en,82.063952,26.25755,"""#NepalEarthquake  Nepal received 40 large tents, 1400 blankets, 50 tonnes of water yesterday #ThankYouPM @narendramodi""",https://twitter.com/SrdShri/status/592592127382593536,Response Efforts
592592216410849280',Mon Apr 27 07:32:48 +0000 2015,aizattazia,194895540,en,101.712207,3.151566,"Btw bosir, #PrayForNepal . Hope everything gonna be alright soon. @bosirnath",https://twitter.com/aizattazia/status/592592216410849280,Not Relevant
592592231749570560',Mon Apr 27 07:32:52 +0000 2015,mptravers,121465874,en,-2.728045,50.703779,Not often that a leading Newspaper will headline with a call for prayers @Independent  #prayforNepal @OrpingtonBC https://t.co/dx3LpC4lgj,https://twitter.com/mptravers/status/592592231749570560,Not Relevant
592592960803479552',Mon Apr 27 07:35:46 +0000 2015,AnggaAdiWijaya,292139731,en,115.089293,-8.108865,"God knows,God listen what's happening in Nepal�_�7 #Pray#For#Nepal @ SEPUTARAN- KODYA https://t.co/lPAJcavkmU",https://twitter.com/AnggaAdiWijaya/status/592592960803479552,Not Relevant
592593280979869696',Mon Apr 27 07:37:02 +0000 2015,mamta_rao12,432702176,en,77.573427,12.906049,Help if u can https://t.co/mfzCgq1QGj,https://twitter.com/mamta_rao12/status/592593280979869696,Response Efforts
592593345748332547',Mon Apr 27 07:37:18 +0000 2015,Isatopes,394228084,en,0.141708,52.205193,Bit fucked how I've seen more about Bruce Jenner doing his thing then the earthquake in Nepal #Priorities,https://twitter.com/Isatopes/status/592593345748332547,Not Relevant
592593416636104704',Mon Apr 27 07:37:35 +0000 2015,singhkaranbrar,318945905,en,75.660502,31.639425,My Prayers with all those affected by #NepalEarthquake #ThankYouPM for helping them in their tough time wht a great PM we have @narendramodi,https://twitter.com/singhkaranbrar/status/592593416636104704,Not Relevant
592593562966962176',Mon Apr 27 07:38:09 +0000 2015,Ritu67Ritu,1614429666,en,77.190691,28.585625,@prabhasp i took it from @EconomicTimes.   https://t.co/ImrS1SHVpH,https://twitter.com/Ritu67Ritu/status/592593562966962176,Not Relevant
592593758085984258',Mon Apr 27 07:38:56 +0000 2015,akipid90,2401315764,en,77.108419,28.712613,@KushalT2803  its a humble request PLZ Tel your fan #PrayForNepal m also your crazy fan ur fan need your Support�__F�__F�__F�__F�__F�__F�__F�__F�__F�__F�__F�__F�__F�__F,https://twitter.com/akipid90/status/592593758085984258,Not Relevant
592594131433574400',Mon Apr 27 07:40:25 +0000 2015,trendinaliaNO,1408418168,en,12.6654,64.5565,1. #BestFandomCA2015 2. Real Madrid 3. #2nba 4. Nepal 5. Everton  2015/4/27 09:36 CEST #trndnl http://t.co/6sjsp7X8c6,https://twitter.com/trendinaliaNO/status/592594131433574400,Not Relevant
592594288380370945',Mon Apr 27 07:41:02 +0000 2015,mo_hit,33610104,en,55.385719,25.132506,Great news!  https://t.co/R4baafpPXb,https://twitter.com/mo_hit/status/592594288380370945,Not Relevant
592594605352292352',Mon Apr 27 07:42:18 +0000 2015,avinash_j_singh,3132531130,en,29.923178,-29.164964,Well done @GiftoftheGivers  https://t.co/tiLfI3tZg0,https://twitter.com/avinash_j_singh/status/592594605352292352,Not Relevant
592594685274775552',Mon Apr 27 07:42:37 +0000 2015,SamanthaMI,25467954,en,29.369891,-3.387898,Please. I'm tired of rolling my eyes at #EAC tweeting about #Nepal without mentioning #Burundi #burundielections2015 https://t.co/ZiCnevCtXQ,https://twitter.com/SamanthaMI/status/592594685274775552,Not Relevant
592594819312037888',Mon Apr 27 07:43:09 +0000 2015,trendinaliaKE,1409839502,en,37.9039,-0.0244,Did you know that #Nepal was Trending Topic on Sunday 26 for 3 hours in Kenya? http://t.co/P5WMhwtwdR #trndnl,https://twitter.com/trendinaliaKE/status/592594819312037888,Not Relevant
592594854418522113',Mon Apr 27 07:43:17 +0000 2015,Guestnice,198860621,en,152.986288,-27.378117,"Even though we've never met but I wish all of you safe and be strong. #Nepal @ �__F�_�CPray for ""NEPAL"" �__B https://t.co/DtdStmzy7q",https://twitter.com/Guestnice/status/592594854418522113,Not Relevant
592598405526003713',Mon Apr 27 07:57:24 +0000 2015,PlessisJacques,850577042,en,28.267431,-26.177802,Missing https://t.co/ptwcyyuCXi,https://twitter.com/PlessisJacques/status/592598405526003713,Urgent Needs
592598667179073536',Mon Apr 27 07:58:26 +0000 2015,jasleen_chhabra,2713701522,en,80.894009,26.797255,Golden Temple sending 1 lakh food packages to Nepal everyday!  #proud God bless u alll.. Where r those IDIOTS selling Christ Buddhist Hindu?,https://twitter.com/jasleen_chhabra/status/592598667179073536,Volunteer or professional services
592602182542880768',Mon Apr 27 08:12:24 +0000 2015,PlessisJacques,850577042,en,28.267479,-26.177761,French also missing https://t.co/nIsgFeci7P,https://twitter.com/PlessisJacques/status/592602182542880768,Not Relevant
592604501342822400',Mon Apr 27 08:21:37 +0000 2015,ycrinzin,185233299,en,91.504323,26.795036,"My only message to the Nepalese right now! ""Stay strong"" �__F�__F�__F #nepalearthquake @ Samdrup Jongkhar,��_ https://t.co/1s0j9kuD2m",https://twitter.com/ycrinzin/status/592604501342822400,Not Relevant
592606635329134593',Mon Apr 27 08:30:06 +0000 2015,farhanknight,70641005,en,73.1241,18.441782,"Our dharmic, theirs culprit ;-) https://t.co/Pptmu3s5eR",https://twitter.com/farhanknight/status/592606635329134593,Not Relevant
592609862019780608',Mon Apr 27 08:42:55 +0000 2015,sanjaycsk,289279037,en,77.029323,11.025398,God please save them #NepalEarthquake,https://twitter.com/sanjaycsk/status/592609862019780608,Not Relevant
592612693586022401',Mon Apr 27 08:54:11 +0000 2015,feiby_jostein,2981259878,en,107.59725,-6.919168,God help.Nepal #NepalQuake,https://twitter.com/feiby_jostein/status/592612693586022401,Not Relevant
592613118217359360',Mon Apr 27 08:55:52 +0000 2015,deepanshu0807,3006730428,en,77.026759,28.434559,"India has shown true concern at this tragedic point of nepal, again proved that  ""saare jahan se acha, hindustan hamara""! :) #IndiaWithNepal",https://twitter.com/deepanshu0807/status/592613118217359360,Not Relevant
592613133878829057',Mon Apr 27 08:55:55 +0000 2015,AjendraO,2921404326,en,77.271926,28.723922,"Massive dezaster of Nepal,may God fullfil sharply.",https://twitter.com/AjendraO/status/592613133878829057,Not Relevant
592616826586079232',Mon Apr 27 09:10:36 +0000 2015,anilkandari1234,3022387976,en,77.07261,28.611521,I am   very very happy  any more time coming now earthquakes #NepalEarthquake http://t.co/xvYJT5uJmJ,https://twitter.com/anilkandari1234/status/592616826586079232,Not Relevant
592618069677068288',Mon Apr 27 09:15:32 +0000 2015,JaiPrakashMis16,2367843762,en,81.948417,27.122715,Earthquakes in Nepal.........oh god http://t.co/mox1I5owRv,https://twitter.com/JaiPrakashMis16/status/592618069677068288,Not Relevant
592622468243660801',Mon Apr 27 09:33:01 +0000 2015,haz_Zain,2972794154,en,75.952262,11.06177,@aliaa08 dont put price fr thier needs....let's hold their hand... #NepalQuakeRelief,https://twitter.com/haz_Zain/status/592622468243660801,Not Relevant
592622691523305472',Mon Apr 27 09:33:54 +0000 2015,EsjayG,25475991,en,174.692817,-36.918221,Because that's 'news' https://t.co/mherzXYwug,https://twitter.com/EsjayG/status/592622691523305472,Not Relevant
592623748634677248',Mon Apr 27 09:38:06 +0000 2015,haz_Zain,2972794154,en,75.952261,11.061769,celebrities. .BE D INSPRATN T WRLD....@aliaa08 @AnupamPkher @AnushkaSharma @BeingSalmanKhan @dulQuer @sachin_rt @imVkohli  #NepalQuakeRelief,https://twitter.com/haz_Zain/status/592623748634677248,Not Relevant
592624979436380160',Mon Apr 27 09:43:00 +0000 2015,VaishinaviDevi,578898433,en,174.792973,-41.316292,"I might have not shared sardar jokes, but it feels good to share this one�_�7�_�B.. #HELPNEPAL #NepalQuake #BeingIndian http://t.co/dBPK8dZgoY",https://twitter.com/VaishinaviDevi/status/592624979436380160,Not Relevant
592624987640475648',Mon Apr 27 09:43:02 +0000 2015,devang4737,60915115,en,72.83739,21.206537,Prayers #Nepal http://t.co/PZrSm1LfB0,https://twitter.com/devang4737/status/592624987640475648,Not Relevant
592625232365518848',Mon Apr 27 09:44:00 +0000 2015,trendinaliaPNQ,1503988453,en,73.8538,18.5317,Did you know that 'Kathmandu' was Trending Topic on Sunday 26 for 8 hours in Pune? http://t.co/MNdZ8724oL #trndnl,https://twitter.com/trendinaliaPNQ/status/592625232365518848,Not Relevant
592626905804709888',Mon Apr 27 09:50:39 +0000 2015,danavparker1,1711632553,en,-87.689432,41.922745,Sending love to Nepal. What an absolute tragedy. #NepalQuake ��_����__F,https://twitter.com/danavparker1/status/592626905804709888,Not Relevant
592628194467049472',Mon Apr 27 09:55:46 +0000 2015,athieratheist,1442078376,en,-0.061068,51.51915,God is a ruthless murdering scumbag. And his farts smell.  https://t.co/TGeVgaPPRr,https://twitter.com/athieratheist/status/592628194467049472,Not Relevant
592628984006873088',Mon Apr 27 09:58:54 +0000 2015,Amynove,184365535,en,77.61886,12.939523,@rahulkanwal..  I think we should just bother about helping people in need for now. #helpnepal #NepalQuake,https://twitter.com/Amynove/status/592628984006873088,Not Relevant
592630142515548160',Mon Apr 27 10:03:31 +0000 2015,rsyashasvi,83778308,en,77.069534,28.48194,"All those who were asking whether I gave the correct link to donate for #NepalQuakeRelief, please see �_�7 and donate https://t.co/grcRAg1Umz",https://twitter.com/rsyashasvi/status/592630142515548160,Response Efforts
592631079229501440',Mon Apr 27 10:07:14 +0000 2015,ksvenu247,2984339761,en,77.632377,12.969298,I think u right noe for cash donations https://t.co/srJl8RmvOS,https://twitter.com/ksvenu247/status/592631079229501440,Response Efforts
592634475437236224',Mon Apr 27 10:20:44 +0000 2015,BryanWeaverDC,81921672,en,-77.043442,38.923194,God bless CNN's @drsanjaygupta  He stopped reporting in Nepal &amp; is performing surgery in a local triage hospital under primitive conditions.,https://twitter.com/BryanWeaverDC/status/592634475437236224,Response Efforts
592634819902840832',Mon Apr 27 10:22:06 +0000 2015,_CasuallyMe,350004554,en,-81.462115,28.417784,this is insane��_ https://t.co/oHvyflWFCV,https://twitter.com/_CasuallyMe/status/592634819902840832,Not Relevant
592635326042087424',Mon Apr 27 10:24:07 +0000 2015,larryau,54560396,en,-1.262385,51.763144,"My friend from Nepal at @UniofOxford started this to personally help those affected, please support! https://t.co/gvMtYJ536H",https://twitter.com/larryau/status/592635326042087424,Response Efforts
592637782679527424',Mon Apr 27 10:33:52 +0000 2015,sailpro99,17232452,en,-73.983334,40.767988,Two @SavetheChildren rock stars on @CNN w/@cm talking about #NepalQuakeRelief http://t.co/by07UwSHoX,https://twitter.com/sailpro99/status/592637782679527424,Response Efforts
592638754034159616',Mon Apr 27 10:37:44 +0000 2015,lizcerasuolo,148336338,en,-71.36154,42.470431,I weep with Nepal.,https://twitter.com/lizcerasuolo/status/592638754034159616,Not Relevant
592638824074715136',Mon Apr 27 10:38:01 +0000 2015,nicks_663,18023990,en,72.81479,19.131695,"Yeah ....,, wen God spoke against #SoulVultures  https://t.co/3puK3LdNUM",https://twitter.com/nicks_663/status/592638824074715136,Not Relevant
592641603564474368',Mon Apr 27 10:49:03 +0000 2015,yogeshins,236819736,en,77.341801,28.564489,"My heartfelt condolences to, who have lost their dear and near ones in India and Nepal Very thankful to Modi and Ramdev to take action first",https://twitter.com/yogeshins/status/592641603564474368,Not Relevant
592642102602895360',Mon Apr 27 10:51:02 +0000 2015,kristinaallen08,2857786294,en,-1.579748,53.823165,"I've written a song for Nepal to help them get through hard times, I'm half Nepali I was thinking if you'd like to be a part of it @iamwill",https://twitter.com/kristinaallen08/status/592642102602895360,Not Relevant
592645763307479040',Mon Apr 27 11:05:35 +0000 2015,Swati_Harry,754936662,en,92.741145,11.65556,"How fickle nature can be the lifeline of #Nepal turns upside down many injured,many lost their lives lots r still missing #NepalEarthquake",https://twitter.com/Swati_Harry/status/592645763307479040,Not Relevant
592646990028214273',Mon Apr 27 11:10:27 +0000 2015,BlairHenry1,1248464893,en,-81.312622,43.010753,"In a country filled with temples and spirituality, prayers did not prevent this. Money may be more appropriate https://t.co/aRQtX3a9jW",https://twitter.com/BlairHenry1/status/592646990028214273,Not Relevant
592647681681395712',Mon Apr 27 11:13:12 +0000 2015,Gatorgirl4vr,415378018,en,-80.737829,35.370959,Dear God send your healing grace &amp; miracles upon #Nepal,https://twitter.com/Gatorgirl4vr/status/592647681681395712,Not Relevant
592658321456439297',Mon Apr 27 11:55:29 +0000 2015,RajChoudhary_,216899954,en,86.15768,22.787621,"Imagine Kejriwal was PM during Nepal #earthquake, His statement would have been ""Hum kuch nahin kar sakte Ji, Army President ke under hai.",https://twitter.com/RajChoudhary_/status/592658321456439297,Not Relevant
592659034643234816',Mon Apr 27 11:58:19 +0000 2015,smanian11,406793928,en,49.313335,25.140259,"""@IndiaToday: Nepal quake survivor: I went there for peace but faced nature's fury http://t.co/uXtKe4mW8q http://t.co/StjqCRJMQn""",https://twitter.com/smanian11/status/592659034643234816,Not Relevant
592663717092921344',Mon Apr 27 12:16:55 +0000 2015,geecologist,15584745,en,113.299994,23.384954,"Transferring in China, will be in #Nepal to help @ActionAid team in a few hours. Please help our response http://t.co/2la0wFSxas #NepalQuake",https://twitter.com/geecologist/status/592663717092921344,Response Efforts
592664384108888065',Mon Apr 27 12:19:35 +0000 2015,HarryLee2014,2602690699,en,123.043957,41.106373,I hope everyone that suffered from the NepalEarthqua will be better �__F�_�B�__F�_�B�__F�_�B #NepalEarthquake,https://twitter.com/HarryLee2014/status/592664384108888065,Not Relevant
592664844530262016',Mon Apr 27 12:21:24 +0000 2015,man079,46090945,en,150.900544,-33.870488,@QandA #ArthurSinodinos Fixing buildings in #NepalEarthquake ? Mate! How about be starting by saving human life.,https://twitter.com/man079/status/592664844530262016,Not Relevant
592672570220118016',Mon Apr 27 12:52:06 +0000 2015,BixberNavy,152197567,en,85.329826,27.69482,���@woo_yeonhee: @BixberNavy are u alright?  #Prayfornepal�۝ i am. Probably safer rn.,https://twitter.com/BixberNavy/status/592672570220118016,Not Relevant
592672788789501952',Mon Apr 27 12:52:58 +0000 2015,vishalkvvk,3165882207,en,-0.426594,51.499443,@OrganiserWeekly please can u send information on RSS involvement in Nepal earthquake relief.,https://twitter.com/vishalkvvk/status/592672788789501952,Not Relevant
592673831719960576',Mon Apr 27 12:57:07 +0000 2015,rudepen,104739452,en,85.31741,27.683771,Kal Mochan a temple in Tripureswor constructed in 1874 on the bank of Bagmati river looks like this #NepalEarthquake http://t.co/HOeX4i6sGQ,https://twitter.com/rudepen/status/592673831719960576,Infrastructure Damage
592679977881083904',Mon Apr 27 13:21:32 +0000 2015,rosiita,13659082,en,-87.62814,41.89426,Oh my god �_�3 https://t.co/R8eagsKxdp,https://twitter.com/rosiita/status/592679977881083904,Not Relevant
592681251389251586',Mon Apr 27 13:26:36 +0000 2015,SIVORI752,2860585393,en,151.215629,-33.887502,Peshawar &amp; Nepal are affected by reading and the only source is to continue living with depth of knowledge. AUS has $25 mil damage and OK xx,https://twitter.com/SIVORI752/status/592681251389251586,Not Relevant
592682762131365889',Mon Apr 27 13:32:36 +0000 2015,DeepakShu01,314478404,en,80.912584,26.853652,Real face and thought of #aamaadmiparty about #NepalEarthquake @PathanAsmakhan  https://t.co/sNUT2N8aDD,https://twitter.com/DeepakShu01/status/592682762131365889,Response Efforts
592683151987765250',Mon Apr 27 13:34:09 +0000 2015,AHANASTYLES,2412431610,en,76.935621,31.721022,@NiallOfficial u must also tweet or do something for Nepal trajedy I think u and Louis dont even care ....,https://twitter.com/AHANASTYLES/status/592683151987765250,Not Relevant
592686533423013888',Mon Apr 27 13:47:35 +0000 2015,kellie4brendan,117238554,en,-84.90541,34.383024,Sending prayers to Nepal! #GodBless #NepalQuake #USA,https://twitter.com/kellie4brendan/status/592686533423013888,Not Relevant
592688100247281664',Mon Apr 27 13:53:49 +0000 2015,RaviBala18,1890528997,en,86.18349,22.80419,"@manoharparrikar @Gen_VKSingh. Sirs, let's salute# Gorkha Rifles# for completeing 200 years. FM. Sam Manekshaw was from this regiment.",https://twitter.com/RaviBala18/status/592688100247281664,Not Relevant
592691628806164481',Mon Apr 27 14:07:50 +0000 2015,artbydirt,2182426622,en,-88.281131,40.10168,Harleyparts Artwork made tomakea difference #artbydirt.com #DaytimeEmmys #RHOAReunion #ThankYouPM #CapitalSTB #Nepal http://t.co/uDhesACDko,https://twitter.com/artbydirt/status/592691628806164481,Not Relevant
592692425887449089',Mon Apr 27 14:11:00 +0000 2015,njblr,69033687,en,77.565067,13.03811,Our PM never gets tired. Proud that I voted for PM Modi. https://t.co/10SmKw8QoZ,https://twitter.com/njblr/status/592692425887449089,Response Efforts
592692738551844868',Mon Apr 27 14:12:15 +0000 2015,Lady_Mac_vG,2180597557,en,-111.989326,33.604151,Prayers #Nepal,https://twitter.com/Lady_Mac_vG/status/592692738551844868,Not Relevant
592693903863717889',Mon Apr 27 14:16:53 +0000 2015,ShekharGupta,2574072036,en,77.200512,28.546549,"2 Nehru statements in 1950, March &amp; Dec, were read in Nepal as implying it was an Indian buffer state. Relationship got off on a false note",https://twitter.com/ShekharGupta/status/592693903863717889,Not Relevant
592694489187262469',Mon Apr 27 14:19:12 +0000 2015,W7VOA,17919393,en,88.441167,22.649861,"I'm informed by @GainsVik that at one point today 14 planes were circling, awaiting landing clearance for KTM. #aviation #NepalQuake",https://twitter.com/W7VOA/status/592694489187262469,Not Relevant
592700086481756164',Mon Apr 27 14:41:27 +0000 2015,iamumbarkar,2618659071,en,-93.813834,41.602245,"Oh my god! What is happening? After #Nepal #NepalEarthquake, India gets terrible #earthquake #EarthquakeAgain https://t.co/nKAEzYtolx",https://twitter.com/iamumbarkar/status/592700086481756164,Not Relevant
592700585570361344',Mon Apr 27 14:43:26 +0000 2015,wquai,1342119842,en,-122.39278,37.778769,Video on the Avalanche at base camp. #NepalEarthquake http://t.co/pMN9ZmizgM,https://twitter.com/wquai/status/592700585570361344,Infrastructure Damage
592701154087297024',Mon Apr 27 14:45:41 +0000 2015,ivak99,22332332,en,103.836068,1.306094,https://t.co/Dv5sV6Ujzd. Hi @avinash pl RT #NepalQuakeRelief  effort of #incrisisrelief online volunteer group tht i am part of,https://twitter.com/ivak99/status/592701154087297024,Not Relevant
592701435227287552',Mon Apr 27 14:46:48 +0000 2015,gurdena,600137552,en,-9.135299,38.769311,At least 5 people I know are missing #Nepal..Very worrying..but it also shows I know some amazing people #workinginNepal or #climbingEverest,https://twitter.com/gurdena/status/592701435227287552,Urgent Needs
592703281325039616',Mon Apr 27 14:54:08 +0000 2015,CrushOnDiArts,1380355501,en,-79.123472,43.838451,I hope whatever wrong shade of lipstick you wear or dirt on your sneakers doesn't affect your day too much.  https://t.co/kREF9cjkM0,https://twitter.com/CrushOnDiArts/status/592703281325039616,Not Relevant
592703386425896960',Mon Apr 27 14:54:33 +0000 2015,lbhartwick,98297603,en,-76.475897,44.264253,Can't complain about a thing in my life right now when I think about Nepal. So heartbreaking. I am so fortunate and shouldn't forget that.,https://twitter.com/lbhartwick/status/592703386425896960,Not Relevant
592705571691831297',Mon Apr 27 15:03:14 +0000 2015,rahul198691,3050368597,en,81.832706,25.428278,@anjanaomkashyap oh my god I think it is picture from Nepal..is tarha fake flop show hai tumhara very bad,https://twitter.com/rahul198691/status/592705571691831297,Not Relevant
592709036170149890',Mon Apr 27 15:17:00 +0000 2015,romluna,272765624,en,123.979421,10.315675,Life is so unpredictable.. #NepalEarthquake,https://twitter.com/romluna/status/592709036170149890,Not Relevant
592709599750443009',Mon Apr 27 15:19:15 +0000 2015,_desireemcc,715016025,en,-104.954043,39.762256,God bless them &amp; their families. Such a tragedy. https://t.co/jTQ9o8dZVm,https://twitter.com/_desireemcc/status/592709599750443009,Not Relevant
592720224941690881',Mon Apr 27 16:01:28 +0000 2015,gokulsajith,3104812166,en,76.017366,10.834103,"Unlucky days for japan, hope they can recover soon #Nepal",https://twitter.com/gokulsajith/status/592720224941690881,Not Relevant
592720602596794368',Mon Apr 27 16:02:58 +0000 2015,mohitgrover77,424120360,en,77.984759,29.15169,Watch 'Jakhm' 'Kha Tum Chale Gye' from #MyIdol @sweetasingh From #Kathmandu.  Really Emotional. #MyIdol Is Brave. PlZ God #KeepMyIdolSafe,https://twitter.com/mohitgrover77/status/592720602596794368,Not Relevant
592731091057901572',Mon Apr 27 16:44:39 +0000 2015,JShreedhar,2194144675,en,75.023564,15.431361,@MosesSapir @SrBachchan stop mosses this for some time because of Nepal disaster. I am big fan of amithabh,https://twitter.com/JShreedhar/status/592731091057901572,Not Relevant
592731744077492224',Mon Apr 27 16:47:14 +0000 2015,SivanRajah,89667658,en,102.94187,1.843924,Luck I didn't go Nepal on the 25th like I planned...my prayers for those in Nepal...,https://twitter.com/SivanRajah/status/592731744077492224,Not Relevant
592732012370382849',Mon Apr 27 16:48:18 +0000 2015,h_mahendru,1031733936,en,77.337443,28.364858,Where is the Presstitute ?they have shown RaGa in kadrnath but not shown the hard work done by RSS in the remote areas of Nepal Bihar WB AsM,https://twitter.com/h_mahendru/status/592732012370382849,Not Relevant
592732198521982979',Mon Apr 27 16:49:03 +0000 2015,Scriptte_Nidhi,108227188,en,85.346937,27.745399,I just wish it all to be bad dream when i wake up tomorrow so that i can worry about my college assignments #NepalQuake,https://twitter.com/Scriptte_Nidhi/status/592732198521982979,Not Relevant
592733633548558336',Mon Apr 27 16:54:45 +0000 2015,_abbbbbs_,1131503988,en,-84.292382,37.571169,Oh Nepal. My heart is with you. �_�C�_�C�_�C,https://twitter.com/_abbbbbs_/status/592733633548558336,Not Relevant
592733735134564352',Mon Apr 27 16:55:09 +0000 2015,niladri_biswas4,2989038129,en,77.122192,28.706121,"Delhi to send food, water to Nepal http://t.co/ZLwDflVMCp via @sonalndtv @AamAadmiParty @Yr_Conscience @AAPInNews @ArvindKejriwal",https://twitter.com/niladri_biswas4/status/592733735134564352,Response Efforts
592736467539099648',Mon Apr 27 17:06:01 +0000 2015,bikal_kharel,1468988874,en,88.100975,26.655067,Earthquake sucks !!! :'( ...god save my motherland #NEPAL http://t.co/xY3L1hFnFH,https://twitter.com/bikal_kharel/status/592736467539099648,Not Relevant
592743087971119104',Mon Apr 27 17:32:19 +0000 2015,NadiaZehra,292467181,en,73.010548,33.670566,Layers of after shook have snatched nights from dreamy eyes.  Feel sorrow for Nepal and not much less for ceiling less Peshawar.,https://twitter.com/NadiaZehra/status/592743087971119104,Not Relevant
592744321536925696',Mon Apr 27 17:37:13 +0000 2015,lissettemc,95344962,en,83.95,28.216667,Some places are just hapoy and beautiful.  #nepal #adventure #travel #traveldiaries #loveyourlife��_ https://t.co/ZR8eqqefgR,https://twitter.com/lissettemc/status/592744321536925696,Not Relevant
592744433805873153',Mon Apr 27 17:37:40 +0000 2015,SierraD97,249849930,en,-75.630662,45.385817,Thank god.... http://t.co/mfmT1kyrFp,https://twitter.com/SierraD97/status/592744433805873153,Not Relevant
592745521695035393',Mon Apr 27 17:41:59 +0000 2015,ksharif582,2911585526,en,55.28689,25.261338,I love nepal http://t.co/z7uT2DGkgE,https://twitter.com/ksharif582/status/592745521695035393,Not Relevant
592746441443037185',Mon Apr 27 17:45:38 +0000 2015,AshwinAlex52964,2465984029,en,76.557327,8.904416,Time for humens to learn about the impacts they make on the global earth. May the souls rest in place #NepalEarthquake #NatureIsSpeaking,https://twitter.com/AshwinAlex52964/status/592746441443037185,Not Relevant
592746718711705600',Mon Apr 27 17:46:45 +0000 2015,gauravcsawant,177886974,en,77.336775,28.569724,Stay strong. This too shall pass https://t.co/SQ5pgnnwp0,https://twitter.com/gauravcsawant/status/592746718711705600,Not Relevant
592748989881126913',Mon Apr 27 17:55:46 +0000 2015,ajinkyaMSK33,1513141501,en,73.812705,18.495639,When you have problems in your life just have A look at the #NepalEarthquake  And look our problems are so much smaller then #earthquake,https://twitter.com/ajinkyaMSK33/status/592748989881126913,Not Relevant
592750967881375744',Mon Apr 27 18:03:38 +0000 2015,UDHAYSHANKARTR,2205318980,en,78.535806,17.488636,"@RevolutionMonk Disgusting.Well known. Ridiculous, nausiating interpretation by some Pastors is'Nepal devastated bcos it's a Hindu country!'",https://twitter.com/UDHAYSHANKARTR/status/592750967881375744,Not Relevant
592752459455602692',Mon Apr 27 18:09:33 +0000 2015,David_Clavijo,142709143,en,-5.830365,37.329926,Everyone can help by simply clicking on the link below https://t.co/HGWRdaXJ9y,https://twitter.com/David_Clavijo/status/592752459455602692,Not Relevant
592754449564708864',Mon Apr 27 18:17:28 +0000 2015,don_bennett,15112637,en,-79.782106,43.357757,Detailed information on the response from World Vision - http://t.co/jvuvjOPV37,https://twitter.com/don_bennett/status/592754449564708864,Response Efforts
592755122914107393',Mon Apr 27 18:20:08 +0000 2015,AnilKMathur,124702826,en,77.118056,28.73591,Fake photo....shame on u @BJP4India can't do more than this. https://t.co/D3eJBSi9hm,https://twitter.com/AnilKMathur/status/592755122914107393,Not Relevant
592758434656854019',Mon Apr 27 18:33:18 +0000 2015,vvarunj,83561688,en,58.538027,23.611277,I am with Nepal. Are you? #Nepal #NepalQuake #WeAreWithNepal #SupportNepal @ Darsait Muscat https://t.co/4Ihq50ZWcz,https://twitter.com/vvarunj/status/592758434656854019,Not Relevant
592759674874789888',Mon Apr 27 18:38:14 +0000 2015,EarneyHarisson,2561150125,en,87.284815,26.664093,"He saw his home falling down,he cant do anything,he is now homeless.but you people can help him.#NepalEarthquake http://t.co/II5tdGvpOW",https://twitter.com/EarneyHarisson/status/592759674874789888,Infrastructure Damage
592760485063319552',Mon Apr 27 18:41:27 +0000 2015,prasantk2,287045452,en,87.570101,25.528099,I Donated Some Amount For The People Who Were Effected In The Horrific Tragedy. #IndiaWithNepal #NepalEarthquake http://t.co/MNt91wUYvq,https://twitter.com/prasantk2/status/592760485063319552,Not Relevant
592760520035454978',Mon Apr 27 18:41:35 +0000 2015,LSCtheliverlady,27093420,en,-97.721223,33.1541,Prayers &amp; love #Nepal�__F�_�7 https://t.co/iNo0sUWYdS,https://twitter.com/LSCtheliverlady/status/592760520035454978,Not Relevant
592764153481297920',Mon Apr 27 18:56:01 +0000 2015,vicky_vogue,798445692,en,76.620895,12.313015,Prayers to #nepal......,https://twitter.com/vicky_vogue/status/592764153481297920,Not Relevant
592765243815788545',Mon Apr 27 19:00:21 +0000 2015,trendinaliaKE,1409839502,en,37.9039,-0.0244,6. #MaishaSuperstar 7. #TransformingKE 8. Thailand 9. #tembeaKenya 10. Nepal  2015/4/27 21:53 EAT #trndnl http://t.co/6AyDQDIfgB,https://twitter.com/trendinaliaKE/status/592765243815788545,Not Relevant
592768803852963840',Mon Apr 27 19:14:30 +0000 2015,attalpritesh77,3140483384,en,73.85809,18.446819,#NepalEarthquake  god bless them,https://twitter.com/attalpritesh77/status/592768803852963840,Not Relevant
592770914808397826',Mon Apr 27 19:22:53 +0000 2015,mclanebau,1288873692,en,-117.254724,32.978247,Debating canceling my flight home from Africa and booking a one way to Nepal. #NepalEarthquake,https://twitter.com/mclanebau/status/592770914808397826,Not Relevant
592773232312381442',Mon Apr 27 19:32:06 +0000 2015,kainatAkhtar,1374176108,en,73.057404,33.699312,Witnessed the #Peshawar cyclone myself and I swear it was scary. Prayers for Nepal and our very own #Peshawar. Allah is not at all happy.,https://twitter.com/kainatAkhtar/status/592773232312381442,Not Relevant
592774480621076480',Mon Apr 27 19:37:04 +0000 2015,hackneystcloud,1354203194,en,-0.08632,51.546198,Prayers and love for all the people of #Nepal �__F�_�C http://t.co/MgpvRWx7t8,https://twitter.com/hackneystcloud/status/592774480621076480,Not Relevant
592775339824254976',Mon Apr 27 19:40:28 +0000 2015,ichbiamanda,2826000790,en,-41.329177,-21.750407,"Hope and strength. For all who were, and continue being affected by #NepalEarthquake",https://twitter.com/ichbiamanda/status/592775339824254976,Not Relevant
592775807841480706',Mon Apr 27 19:42:20 +0000 2015,anandpankaj,77175737,en,-0.07955,51.499753,A million affected children particularly girls in Nepal require ODA donors to prioritise their resources on health and protection. @ippfsar,https://twitter.com/anandpankaj/status/592775807841480706,Not Relevant
592776021314797568',Mon Apr 27 19:43:11 +0000 2015,LuigiCavallito,38640732,en,7.802302,45.120368,#Nepal Earthquake Relief Fund http://t.co/1OPM4OghND Let's make our part!,https://twitter.com/LuigiCavallito/status/592776021314797568,Not Relevant
592776144941887488',Mon Apr 27 19:43:40 +0000 2015,trendinaliaSMF,1408202730,en,-121.491,38.5791,Did you know that #Nepal was Trending Topic on Sunday 26 for 3 hours in Sacramento? http://t.co/6kFilSYwSB #trndnl,https://twitter.com/trendinaliaSMF/status/592776144941887488,Not Relevant
592781363503300609',Mon Apr 27 20:04:25 +0000 2015,ruchieta242,2551038426,en,-9.131175,38.733453,"May god bless your soul , and those helpers ! https://t.co/W4KP1cC2N7",https://twitter.com/ruchieta242/status/592781363503300609,Not Relevant
592788369354141696',Mon Apr 27 20:32:15 +0000 2015,PaterErica,2979711263,en,-84.678127,33.476822,Love that my Ss want to send 1/2 their field day $ to Nepal#celebratemonday WE CAN make a difference!,https://twitter.com/PaterErica/status/592788369354141696,Not Relevant
592795605057019904',Mon Apr 27 21:01:00 +0000 2015,amydmunson,3065799721,en,-75.373078,40.608214,Whenever I feel like complaining I read the news about Nepal and that shuts me right up.,https://twitter.com/amydmunson/status/592795605057019904,Not Relevant
592795720530407425',Mon Apr 27 21:01:28 +0000 2015,sammyrobinson_x,303138126,en,-3.031198,53.381221,My heart breaks at Nepal �_�2�_�D�_�4,https://twitter.com/sammyrobinson_x/status/592795720530407425,Not Relevant
592801578928705538',Mon Apr 27 21:24:44 +0000 2015,ZDuddridge,348339406,en,-0.981949,51.152217,"I really hope St John likes Felix's idea of donating the profits of our EP launch night, to charities supporting people affected in Nepal.",https://twitter.com/ZDuddridge/status/592801578928705538,Not Relevant
592803973410758656',Mon Apr 27 21:34:15 +0000 2015,JJPrime1994,92494015,en,-96.69648,40.817879,Seeing the news about Nepal's quake. I'm glad my dad avoided it,https://twitter.com/JJPrime1994/status/592803973410758656,Not Relevant
592820160257499137',Mon Apr 27 22:38:34 +0000 2015,scarlene666,154564158,en,-0.11203,51.521847,my heart aches and aches and aches https://t.co/6nGQXrWel2,https://twitter.com/scarlene666/status/592820160257499137,Infrastructure Damage
592826075564113922',Mon Apr 27 23:02:05 +0000 2015,SallyBenner,251833920,en,-73.949161,40.777122,"Put down the phones and lift stones. Help the injured, for God's sake. https://t.co/FEUTTwJjNY",https://twitter.com/SallyBenner/status/592826075564113922,Not Relevant
592828064519868419',Mon Apr 27 23:09:59 +0000 2015,darrenalive97,501089455,en,-2.722585,56.50089,I think it's a bit shit that Britain apparently only donated �5 million to Nepal tbh,https://twitter.com/darrenalive97/status/592828064519868419,Not Relevant
592832601250988032',Mon Apr 27 23:28:01 +0000 2015,lizdwenger,82180857,en,-87.659787,41.965714,Earthquakes destroyed homes &amp; businesses in Nepal unexpectedly.  Protestors destroy homes &amp; businesses in Baltimore intentionally. #America,https://twitter.com/lizdwenger/status/592832601250988032,Not Relevant
592834904880189440',Mon Apr 27 23:37:10 +0000 2015,EYount,15077695,en,106.823084,-6.196417,Another day dawns in #Nepal. http://t.co/fZH5KqKyAZ,https://twitter.com/EYount/status/592834904880189440,Not Relevant
592834934538133506',Mon Apr 27 23:37:17 +0000 2015,absolutelisay,2809797385,en,-0.114062,51.53113,Nepal 2014. Stay calm and be strong. Bless. #Nepal #statue #temple #square #culture #history #travel��_ https://t.co/5G70geptWs,https://twitter.com/absolutelisay/status/592834934538133506,Not Relevant
592836422052216832',Mon Apr 27 23:43:12 +0000 2015,delakumpul,496469219,en,120.46758,-8.60865,Help children in #Nepal o:) http://t.co/e4IYxKepcR,https://twitter.com/delakumpul/status/592836422052216832,Response Efforts
592837053802532866',Mon Apr 27 23:45:42 +0000 2015,greensboro_nc,28918980,en,-79.789968,36.072655,Nepal's other disaster: Its politics - Washington Post (blog) http://t.co/Wzb2EBc1d3 #Politics #Pol http://t.co/QWSQx0xLiD,https://twitter.com/greensboro_nc/status/592837053802532866,Not Relevant
592837114741530624',Mon Apr 27 23:45:57 +0000 2015,tayrodrihgues,3019280721,en,-42.033046,-20.26158,"Lord, comfort the families of Nepal.�__F�__F http://t.co/lUKLezQiDP",https://twitter.com/tayrodrihgues/status/592837114741530624,Not Relevant
592840793259450368',Tue Apr 28 00:00:34 +0000 2015,trendinaliaNO,1408418168,en,12.6654,64.5565,1. #frikjent 2. Bournemouth 3. Brann 4. Nepal 5. #dax18  2015/4/28 01:52 CEST #trndnl http://t.co/6sjsp7Fxky,https://twitter.com/trendinaliaNO/status/592840793259450368,Not Relevant
592849216336171008',Tue Apr 28 00:34:02 +0000 2015,CommKaliappan,2768996858,en,73.071679,19.050131,@CommKaliappan Its great PM .Nepal is in distress .ur action is welcome by whole Indians Bravodo,https://twitter.com/CommKaliappan/status/592849216336171008,Not Relevant
592849312704503809',Tue Apr 28 00:34:25 +0000 2015,bragiegi,525116787,en,100.835915,-1.792258,Stay strong #NEPAL,https://twitter.com/bragiegi/status/592849312704503809,Not Relevant
592862277067485184',Tue Apr 28 01:25:56 +0000 2015,keshuvko,5839312,en,85.348578,27.716864,"""@ManuelSintubin: #NepalEarthquake in segment that hasn't ruptured since 1505, filling a gap! http://t.co/WwW5KycZCU http://t.co/OiMXqXl9ly""",https://twitter.com/keshuvko/status/592862277067485184,Not Relevant
592872827931463681',Tue Apr 28 02:07:51 +0000 2015,beardeddrewster,1206802807,en,-78.693123,43.100449,"Forever thankful that I don't live in #Ferguson, #Nepal , and now #Baltimore",https://twitter.com/beardeddrewster/status/592872827931463681,Not Relevant
592879197095370752',Tue Apr 28 02:33:10 +0000 2015,ShuSubri,386497790,en,101.686053,3.133575,Stupidity. Stupidity everywhere. Can't differentiate between Nepal and Japan. http://t.co/iVRkGHaED7,https://twitter.com/ShuSubri/status/592879197095370752,Not Relevant
592892468066177024',Tue Apr 28 03:25:54 +0000 2015,SGOTTIMUKKULA,1949818129,en,-0.362398,51.474243,���@sushilkarwa: This is Indian Army for NepalEarthquake  #Salute2IndianForces http://t.co/gtMSZIIcim�۝#@Swamy39 @narendramodi,https://twitter.com/SGOTTIMUKKULA/status/592892468066177024,Response Efforts
592903772873084929',Tue Apr 28 04:10:49 +0000 2015,Abhisheksilvest,2195460819,en,85.433936,23.424364,#RIP for #NePal may GoD bleSs aLl http://t.co/rHK3oT13u8,https://twitter.com/Abhisheksilvest/status/592903772873084929,Not Relevant
592914489500180480',Tue Apr 28 04:53:24 +0000 2015,Arns18,705453898,en,28.54854,-14.59869,"Let's put our brothers,sisters and parents in #Nepal in prayers...",https://twitter.com/Arns18/status/592914489500180480,Not Relevant
592917740207280129',Tue Apr 28 05:06:19 +0000 2015,vikingthakkar,173392503,en,72.827689,19.056171,"Moral : Peace is within, not without. &gt;&gt; @ndtv #NepalEarthquake: 'Went there for peace but faced nature's fury,' says survivor from Delhi.",https://twitter.com/vikingthakkar/status/592917740207280129,Not Relevant
592919486849622017',Tue Apr 28 05:13:16 +0000 2015,SrdShri,2414940971,en,82.063953,26.257551,"""#IndiaWithNepal  Sometimes pictures express what words fail... India stands united in Nepals grief.. http://t.co/yOLu8rQr75""",https://twitter.com/SrdShri/status/592919486849622017,Not Relevant
592921025916055552',Tue Apr 28 05:19:23 +0000 2015,ShubhaAcharya2,598720420,en,85.3325,27.699266,Lets all unite together and be hygienic @ KTM NEPAL https://t.co/VkZq4XCzBv,https://twitter.com/ShubhaAcharya2/status/592921025916055552,Not Relevant
592924129688453121',Tue Apr 28 05:31:43 +0000 2015,HammersGirl85,1306675094,en,0.116504,51.526059,All them poor people �_�E #NepalEarthquake,https://twitter.com/HammersGirl85/status/592924129688453121,Not Relevant
592977412402450432',Tue Apr 28 09:03:26 +0000 2015,Chelseatillage,241818638,en,85.393912,27.679027,8 million people affected. More than a quarter of Nepal's population. #NepalQuake http://t.co/tzQUstkiNN http://t.co/C48AfKqyeq,https://twitter.com/Chelseatillage/status/592977412402450432,Not Relevant
592979893933117440',Tue Apr 28 09:13:18 +0000 2015,SahaSurya,621835593,en,-76.474221,42.480894,"Nepalis dig through quake rubble for survivors, PM says toll could be 10,000 #NepalEarthquake #Nepal http://t.co/U063sZWmOp",https://twitter.com/SahaSurya/status/592979893933117440,Not Relevant
592995038117961728',Tue Apr 28 10:13:29 +0000 2015,oliveremmler,22761284,en,85.30782,27.681635,I couldn�۪t resist my friends. Setting up scrum Board at GIZ #nepalquake,https://twitter.com/oliveremmler/status/592995038117961728,Not Relevant
592997440900308992',Tue Apr 28 10:23:01 +0000 2015,one_of11,3088585143,en,144.398626,-38.068069,Hoping they can be found Ezra https://t.co/CGDJVuI2Sb,https://twitter.com/one_of11/status/592997440900308992,Urgent Needs
592999039274127362',Tue Apr 28 10:29:23 +0000 2015,LayhedaMars,2254662650,en,122.362198,11.676002,My heart is breaking that some people are having this kind of problem that they don't deserve. #NepalEarthquake #SaveMaryJaneVeloso,https://twitter.com/LayhedaMars/status/592999039274127362,Not Relevant
593011916735287297',Tue Apr 28 11:20:33 +0000 2015,trendinaliaNO,1408418168,en,12.6654,64.5565,6. #HarbourEx15 7. Nepal 8. #Dr��mmel��ftet 9. #BaltimoreRiots 10. Bournemouth  2015/4/28 13:17 CEST #trndnl http://t.co/6sjsp7X8c6,https://twitter.com/trendinaliaNO/status/593011916735287297,Not Relevant
593015034437046273',Tue Apr 28 11:32:56 +0000 2015,xkwitsya,2834185395,en,30.103443,-1.956195,#Burundi #Xenophobia #BaltimoreRiots  #ISIS #AlShabaab #NepalQuake Name it all ...... to the Innocent lives God have mercy..,https://twitter.com/xkwitsya/status/593015034437046273,Not Relevant
593017272869978112',Tue Apr 28 11:41:50 +0000 2015,LyndsGil,33049491,en,-81.075423,29.240362,"Maybeee, instead of donating to Nepal (although tragic) and all that, we could perhaps fix Detroit or a homeland city first? Just maybe..",https://twitter.com/LyndsGil/status/593017272869978112,Not Relevant
593022071531274240',Tue Apr 28 12:00:54 +0000 2015,Rudament,35625177,en,-75.155342,40.009759,My friends in Nepal are alive and well.  Thank God!,https://twitter.com/Rudament/status/593022071531274240,Not Relevant
593028560606007296',Tue Apr 28 12:26:41 +0000 2015,NurmidaM,2921970536,en,105.243803,-5.401335,God bless  #NepalEarthquake,https://twitter.com/NurmidaM/status/593028560606007296,Not Relevant
593221426804428800',Wed Apr 29 01:13:04 +0000 2015,bmadaio,47705172,en,-115.164964,36.129543,@mollysf That's awesome. Love @Heifer and my wife was in Nepal in Jan with @Habitat_org. Many good causes. Needed now more than ever.,https://twitter.com/bmadaio/status/593221426804428800,Not Relevant
593222525238124544',Wed Apr 29 01:17:26 +0000 2015,ChuaNecee,3009151796,en,123.867883,9.632115,God bless nepal�_�4�_�4,https://twitter.com/ChuaNecee/status/593222525238124544,Not Relevant
593223880854130688',Wed Apr 29 01:22:49 +0000 2015,godgrrl,14335577,en,-117.762748,33.530494,40 portable water filters headed to #Kathmandu w/ me Weds. Enough to supply 4k people. Thank you��_ https://t.co/qFzT69vCvj,https://twitter.com/godgrrl/status/593223880854130688,Urgent Needs
593226610171576320',Wed Apr 29 01:33:40 +0000 2015,zamanAnita,853315572,en,-79.648605,43.618276,"My prayers go out to the lives lost in Nepal earthquake: Death toll passes 4,700 as rescuers face challenges http://t.co/oh77FVqAJO",https://twitter.com/zamanAnita/status/593226610171576320,Not Relevant
593245626466459648',Wed Apr 29 02:49:13 +0000 2015,gavingough,16093835,en,85.3333,27.7,A family prepare to spend their fourth night in a makeshift tent in Kathmandu on Tuesday following��_ https://t.co/48xo7Xe95b,https://twitter.com/gavingough/status/593245626466459648,Not Relevant
593246298377211905',Wed Apr 29 02:51:54 +0000 2015,RBurtonRomero,8269232,en,-87.677089,42.009507,"@DavidReinhart so hard. Nepal, Baltimore and me not getting my Apple Watch, not necessarily in that order.",https://twitter.com/RBurtonRomero/status/593246298377211905,Not Relevant